StoreNumber,Country,Longitude,Latitude
3,USA,-82.83015842,39.92040094
4,USA,-122.297141,47.579329
5,USA,-96.92775366,35.38159618
8,USA,-92.29656484,38.95326418
9,USA,-83.76399726,40.32981343
10,USA,-122.249427,47.4614
12,USA,-86.841603,40.4189398
15,USA,-111.98353,41.087749
16,USA,-87.48828774,37.35036858
18,USA,-116.800278,47.701806
19,USA,-83.12023614,41.37221485
21,USA,-156.4536071,20.88143838
22,USA,-76.42531,40.307065
26,USA,-122.5032,47.235188
28,USA,-94.95313927,29.39746539
31,USA,-82.450417,35.330394
33,USA,-84.74701797,33.39328773
35,USA,-122.343891,48.44067
37,USA,-83.11938755,40.02812712
40,USA,-122.182175,47.631433
42,USA,-84.28763934,39.81944415
44,USA,-80.67230043,40.37230254
46,USA,-86.42662129,42.07983469
52,USA,-87.63152732,40.18826337
53,USA,-85.19939254,41.07655027
56,USA,-118.04733,33.89553
57,USA,-91.14908824,40.81216014
59,USA,-88.72638031,41.94843632
61,USA,-122.186014,48.151105
63,USA,-102.1605182,32.01346695
66,USA,-88.96195209,38.31022499
69,USA,-85.17397347,42.25923209
71,USA,-85.89540997,41.61732545
72,USA,-97.06892421,36.74716003
75,USA,-98.53742804,33.88035727
77,USA,-82.65913294,41.40724294
80,USA,-88.25483797,40.13913125
82,USA,-94.71104162,31.31376964
86,USA,-76.0966,36.8124
88,USA,-84.0307734,41.8763506
89,USA,-84.04732558,39.77399411
90,USA,-100.507146,31.42790845
91,USA,-88.50747048,34.9143518
92,USA,-90.377838,40.977216
95,USA,-94.16493254,30.11876229
97,USA,-94.97610363,29.77974014
98,USA,-95.71367938,29.78312916
102,USA,-104.86735,39.684869
103,USA,-96.32647837,30.65843062
104,USA,-90.48291906,41.46889524
107,USA,-90.5243399,41.56165391
110,USA,-80.869932,40.074607
113,USA,-77.6142,37.5148
116,USA,-85.43791327,40.21695577
117,USA,-90.73213234,42.48799015
118,USA,-87.84736244,41.15891654
119,USA,-158.003502,21.399496
120,USA,-79.844391,40.138672
124,USA,-95.33081278,35.76798485
126,USA,-85.09065471,41.09525616
127,USA,-96.60739964,33.667993
129,USA,-97.16900036,31.52499386
137,USA,-95.456358,29.042211
138,USA,-99.76644877,32.40200904
139,USA,-80.4508,41.2315
140,USA,-122.054237,47.551203
145,USA,-86.2233876,39.9084657
146,USA,-84.4360465,42.26778767
149,USA,-122.19643,47.9775
152,USA,-120.319848,47.441796
159,USA,-97.95193463,29.8541033
165,USA,-79.952473,40.877597
167,USA,-89.63808531,40.74795281
168,USA,-84.59914494,39.42470074
172,USA,-117.33522,47.65678
174,USA,-94.10055943,33.44809799
175,USA,-78.8304,40.3061
177,USA,-81.756338,32.434316
178,USA,-111.69858,40.274309
179,USA,-82.678669,30.180145
180,USA,-79.596324,40.306186
181,USA,-83.11942824,39.91841079
183,USA,-97.08992656,33.19702323
186,USA,-91.06552395,30.37589208
187,USA,-79.7554,39.9025
188,USA,-80.63287938,41.03166388
190,USA,-84.788804,34.202038
191,USA,-88.97747906,42.27093193
195,USA,-86.89014789,41.67246361
197,USA,-79.193538,40.622116
199,USA,-86.19391917,43.20240576
200,USA,-86.18465483,41.70248444
202,USA,-76.00445054,42.09888148
203,USA,-84.22207371,39.64071068
205,USA,-97.94211342,36.38909745
207,USA,-84.10788388,39.64469636
208,USA,-116.28939,33.70883
209,USA,-97.72216228,31.08750182
210,USA,-82.02898424,39.99111245
211,USA,-85.67674572,40.53505459
212,USA,-88.1254983,30.68180456
215,USA,-87.41235377,39.40759513
217,USA,-75.65721415,39.63198037
220,USA,-105.16696,39.9634
221,USA,-97.36166044,31.06994359
222,USA,-81.43509457,40.87381187
223,USA,-77.23521568,39.12492081
224,USA,-82.11882162,41.39749176
226,USA,-80.0891,42.0565
231,USA,-84.35697555,41.30629289
232,USA,-95.47991614,30.3273675
235,USA,-93.096625,35.283214
236,USA,-92.4434316,35.10923845
240,USA,-80.451138,27.640416
241,USA,-97.05335568,36.13880336
242,USA,-75.642863,41.453047
243,USA,-95.86242314,36.05895751
244,USA,-80.74304106,41.22850261
245,USA,-88.95214673,39.92153524
246,USA,-104.98967,39.89047
247,USA,-77.4588,37.6345
248,USA,-122.857446,42.3673452
249,USA,-119.2221,46.2156
250,USA,-118.30892,33.824049
252,USA,-122.344163,47.720088
255,USA,-84.1670518,40.77318015
258,USA,-89.714523,39.76269669
264,USA,-82.58816525,40.77844606
265,USA,-82.9218707,40.05496278
268,USA,-97.51400004,35.38944884
269,USA,-81.43860339,40.47586245
270,USA,-101.923258,35.1569645
271,USA,-101.9387332,33.546467
272,USA,-86.01363388,39.80286827
275,USA,-86.26618062,39.77726
278,USA,-94.48037713,37.06143053
279,USA,-75.92841169,40.37313941
281,USA,-85.8611967,31.33234994
282,USA,-96.99629286,28.8736135
285,USA,-122.2755,47.8201
288,USA,-86.04746087,39.90002933
289,USA,-149.878254,61.18181
292,USA,-76.007701,40.967274
297,USA,-81.15771857,40.90332797
298,USA,-83.80966185,39.45027912
303,USA,-84.3317316,39.48991844
305,USA,-94.81211266,39.80546426
311,USA,-104.883119,39.596538
313,USA,-86.84035616,34.15667286
316,USA,-117.740093,34.014674
317,USA,-89.58263398,37.29594991
318,USA,-104.62172,38.30908
319,USA,-108.583116,45.755482
321,USA,-119.79408,39.47578
330,USA,-86.09440613,42.82060076
340,USA,-105.082204,39.795846
342,USA,-111.901889,40.67092
351,USA,-95.9514605,36.74135178
356,USA,-76.92087318,41.25968739
357,USA,-86.12955624,40.43946879
358,USA,-80.158181,33.032706
377,USA,-80.8538,35.0878
381,USA,-77.555055,37.639045
385,USA,-81.1509,34.08
387,USA,-79.8374,36.1161
388,USA,-78.9669,35.0673
390,USA,-86.619795,36.1931
397,USA,-77.5148,38.7904
402,USA,-76.8966,38.641
403,USA,-81.1437,31.9799
404,USA,-79.8891,36.0546
408,USA,-80.7426,35.2928
410,USA,-78.89213454,33.71432099
411,USA,-86.56904361,34.6425296
413,USA,-86.71134773,36.27891716
414,USA,-90.674529,35.81874
415,USA,-76.6777092,39.97700669
416,USA,-80.9666,34.9369
417,USA,-84.235888,30.479175
418,USA,-82.374369,29.626143
419,USA,-79.9641,37.3179
420,USA,-76.5122,37.1264
422,USA,-93.26113678,37.14895709
423,USA,-87.55435981,33.16738394
424,USA,-75.568338,38.411116
425,USA,-85.1498373,35.0349977
426,USA,-78.74240644,35.75656692
428,USA,-93.80053328,32.40996983
432,USA,-94.142988,36.13030103
433,USA,-80.9497,34.0717
434,USA,-83.846538,34.291416
435,USA,-82.53655466,37.50334087
436,USA,-80.3132,36.0646
437,USA,-79.2332,37.3475
438,USA,-87.2179,30.481
439,USA,-76.2517,36.7636
440,USA,-82.1809178,29.15058829
441,USA,-86.2202158,32.35480957
442,USA,-86.11971844,39.63722305
444,USA,-78.581771,35.845558
445,USA,-77.874,34.2352
446,USA,-78.385683,40.49372
447,USA,-80.419561,37.163488
448,USA,-85.655668,30.188325
449,USA,-79.79347914,35.6931777
450,USA,-92.05993007,32.49327084
451,USA,-86.43698832,36.94853982
452,USA,-76.7209,38.9517
453,USA,-83.83630599,39.94561097
454,USA,-82.2668,38.4169
455,USA,-82.529,38.4093
456,USA,-82.12773574,36.63693072
457,USA,-81.11088,35.25784
458,USA,-80.87888,35.816435
459,USA,-80.027406,35.99167
460,USA,-85.8810464,37.73117289
461,USA,-91.09313617,30.46233531
462,USA,-94.34369313,35.35095563
463,USA,-95.30179816,32.28599231
464,USA,-84.2170073,37.99764451
465,USA,-88.69203178,37.07254999
466,USA,-89.08739123,30.39605927
467,USA,-81.2908,28.9122
468,USA,-78.8336,39.6433
469,USA,-82.5743,34.8248
470,USA,-82.957638,35.521516
471,USA,-77.7639,39.6294
472,USA,-82.97419308,39.35261782
473,USA,-81.55191,39.312662
474,USA,-85.57424373,38.24030157
476,USA,-77.5081,38.2985
477,USA,-82.86258591,38.73460023
478,USA,-80.613438,36.485716
479,USA,-86.6388,30.4424
480,USA,-80.2746,36.1838
481,USA,-87.63011734,34.82772306
482,USA,-82.0924,33.5081
483,USA,-83.67098491,32.62063669
484,USA,-92.0686449,30.17048194
485,USA,-85.227246,34.946979
486,USA,-84.08225375,35.91844883
487,USA,-79.0126,35.9459
488,USA,-78.64986904,35.72451036
489,USA,-80.865247,35.446358
490,USA,-80.25785596,35.79292255
491,USA,-84.20984353,31.61439754
492,USA,-84.8990311,38.16296067
493,USA,-89.1961936,37.73347615
494,USA,-84.09956258,36.97178821
495,USA,-80.460153,35.654587
496,USA,-88.847345,35.668418
497,USA,-80.046679,32.937564
498,USA,-87.30508751,36.57520187
499,USA,-81.1094,33.9785
500,USA,-80.3103,40.6804
501,USA,-95.56372747,29.98044982
502,USA,-81.6038,30.1684
503,USA,-81.54957358,30.33245085
504,USA,-80.846849,28.555033
505,USA,-96.69803308,33.05370489
506,USA,-83.44650764,33.91745504
507,USA,-84.45043314,38.00964985
508,USA,-79.483348,36.079397
509,USA,-78.844501,38.436763
510,USA,-96.62141791,32.82587601
511,USA,-95.6318446,29.59333248
512,USA,-84.27669,33.54942
513,USA,-96.855308,32.64315036
514,USA,-97.31586361,32.56183476
515,USA,-96.81707881,32.91193256
516,USA,-77.406821,39.388185
517,USA,-78.470826,38.088433
518,USA,-82.197883,34.202416
519,USA,-94.73260917,32.54390843
520,USA,-97.12197272,32.6806352
521,USA,-95.76883464,39.03783219
522,USA,-76.82171084,40.28015458
523,USA,-75.22464264,43.12625099
524,USA,-73.9826968,41.97250949
525,USA,-97.41166582,32.68739493
526,USA,-82.6274,35.5672
527,USA,-82.62958624,39.73784121
528,USA,-82.2501,34.7113
529,USA,-88.70536362,34.30274323
530,USA,-76.87495812,42.15568433
531,USA,-84.602579,33.853684
532,USA,-86.81771835,35.94434032
533,USA,-97.18475223,32.85894342
534,USA,-84.60525599,39.26019656
535,USA,-97.556043,35.606793
537,USA,-89.374471,31.320413
538,USA,-79.41977,35.163395
539,USA,-79.8317,32.8304
540,USA,-74.37322582,41.45855453
541,USA,-73.9221914,41.62099951
542,USA,-84.31256194,39.30183101
543,USA,-84.53946197,34.08147299
545,USA,-84.62787852,33.94876531
546,USA,-83.689318,32.813263
547,USA,-77.8212,35.9649
548,USA,-85.04066575,35.98000381
549,USA,-88.22401735,30.68639976
550,USA,-96.9027452,32.9859586
551,USA,-97.01529629,33.05756279
552,USA,-93.77323767,41.59742662
553,USA,-76.1893184,40.70925607
554,USA,-84.62436724,39.02006382
555,USA,-95.64269969,29.87790914
556,USA,-77.40154482,34.78325364
557,USA,-77.9292,35.3816
558,USA,-84.6236943,37.06625905
559,USA,-80.889897,33.528112
560,USA,-73.74604172,43.10538984
561,USA,-76.54625126,42.95656011
562,USA,-83.9629037,43.48259385
563,USA,-95.43509137,30.05974378
564,USA,-82.5449,28.027
566,USA,-77.088938,35.102216
567,USA,-79.897969,39.650216
568,USA,-76.9722,39.5646
569,USA,-81.7993,28.8262
573,USA,-82.3199,27.9219
575,USA,-84.25120527,43.65765432
576,USA,-78.897455,36.041372
577,USA,-87.680924,30.366677
578,USA,-85.4946622,36.13911911
579,USA,-83.33237948,36.20350315
580,USA,-86.83095216,33.44544634
581,USA,-93.6116943,41.99891294
582,USA,-81.87320458,26.52637196
586,USA,-92.45501649,31.27448508
587,USA,-75.54798861,39.19214743
588,USA,-82.040038,37.879416
589,USA,-93.17592287,30.19194585
590,USA,-97.792649,30.467679
591,USA,-90.16880349,38.91729368
592,USA,-81.9408,26.6686
593,USA,-72.88083238,41.32192192
594,USA,-86.64957544,33.59737897
595,USA,-80.865558,35.593835
596,USA,-90.74837116,29.61076772
597,USA,-93.0568028,34.46035288
598,USA,-77.40885864,35.56331091
599,USA,-77.4115,37.3477
603,USA,-78.6747418,33.82909006
604,USA,-81.42159361,28.66286844
605,USA,-81.48004507,41.16758605
606,USA,-85.4243,31.2058
607,USA,-84.53435438,37.9800848
609,USA,-77.6692,37.4027
610,USA,-96.46798666,32.89177042
611,USA,-96.6102477,32.94439975
612,USA,-81.534538,35.279096
613,USA,-81.7698,26.2219
614,USA,-97.42822514,37.67880757
615,USA,-84.31837604,34.03773318
616,USA,-81.8021,38.4143
617,USA,-82.5209,35.5779
618,USA,-92.0219,30.2945
619,USA,-76.812212,34.737492
620,USA,-86.77527223,33.35940518
621,USA,-72.98323006,41.27792862
622,USA,-75.53638128,39.83267405
623,USA,-72.71858301,41.66319794
624,USA,-76.736013,39.287196
625,USA,-78.71972694,35.868809
626,USA,-80.386732,33.957887
627,USA,-77.9849,39.4467
628,USA,-76.98627194,39.82654816
629,USA,-86.90598336,36.13332195
630,USA,-87.47085371,37.99241503
631,USA,-76.6143,39.1939
632,USA,-76.733728,37.349887
633,USA,-81.63954063,41.13979063
634,USA,-86.57548401,39.17011466
635,USA,-86.11830757,39.86404993
636,USA,-84.95283,32.54081
637,USA,-84.0178857,36.00921418
638,USA,-83.99055288,35.76778355
639,USA,-81.710637,33.508772
640,USA,-84.0993,33.8261
641,USA,-73.65117844,43.33427867
642,USA,-81.504545,28.551025
643,USA,-89.98700796,38.59040087
644,USA,-76.84372044,40.82952849
645,USA,-77.63019194,43.07577388
646,USA,-79.038238,38.129816
647,USA,-78.313269,35.517799
649,USA,-84.85052985,35.20384061
650,USA,-72.84309803,41.67347996
651,USA,-95.14131722,29.54470331
652,USA,-75.838745,41.241495
653,USA,-80.0935,40.6858
654,USA,-80.20336,26.679
655,USA,-80.046403,32.811235
656,USA,-78.170508,39.157316
657,USA,-87.11670248,37.7221269
658,USA,-75.17120052,38.74712276
659,USA,-86.42411631,35.8434829
660,USA,-72.49156959,42.14454307
661,USA,-79.968378,32.748975
662,USA,-83.98720226,34.08700025
663,USA,-86.74602165,34.75486492
664,USA,-79.9723,37.2281
665,USA,-96.79213084,33.01035278
667,USA,-82.266165,34.940847
668,USA,-86.59438196,36.31551612
669,USA,-83.76961708,42.99963224
670,USA,-81.4234,28.4488
671,USA,-80.227523,40.184903
674,USA,-111.96367,33.32061
675,USA,-81.56539,38.31306
676,USA,-77.535668,37.530816
677,USA,-78.5591634,35.60878433
678,USA,-84.13319326,34.18341841
679,USA,-87.64020003,37.97821754
680,USA,-80.562584,35.011841
681,USA,-95.428358,29.811092
682,USA,-78.04473,33.95497
684,USA,-83.02680092,42.52263968
685,USA,-95.26036596,29.5563648
686,USA,-84.444445,33.471
687,USA,-77.6093,37.6532
688,USA,-116.27897,43.59139
689,USA,-97.76621796,30.20172638
690,USA,-88.89764561,30.45995903
691,USA,-76.44969,39.369146
692,USA,-74.43688664,40.55300794
693,USA,-83.57481387,35.87800471
694,USA,-94.18088074,36.33745474
695,USA,-82.45235738,43.03158382
696,USA,-80.67386833,28.07635309
697,USA,-80.6111,35.4262
698,USA,-85.79461636,33.61328957
700,USA,-81.232312,35.479288
701,USA,-81.20507006,36.14797483
702,USA,-76.8232,38.8935
703,USA,-80.2777,27.2511
704,USA,-80.2045,26.2746
705,USA,-85.83278282,38.15365208
706,USA,-77.61259983,39.92274846
707,USA,-79.898038,36.695616
708,USA,-82.44187876,40.02659203
709,USA,-76.437952,36.81787
710,USA,-84.166833,34.073559
711,USA,-82.98107209,40.13833249
712,USA,-88.52751893,30.37957879
713,USA,-83.30776535,42.61598757
714,USA,-111.72089,33.38764
715,USA,-77.0822,38.7725
716,USA,-84.365281,30.476707
717,USA,-83.393418,35.166286
718,USA,-82.50059444,36.54884939
719,USA,-76.519997,38.302556
720,USA,-76.638665,39.459089
721,USA,-94.76418943,38.87988456
722,USA,-88.32089951,36.62726751
724,USA,-82.67332,28.28025
725,USA,-80.3598,26.0302
726,USA,-77.951038,35.735816
727,USA,-86.24449664,35.39294622
728,USA,-82.678085,34.54922
729,USA,-87.06020539,35.59504427
730,USA,-84.760556,33.725859
731,USA,-90.60163898,38.66587809
732,USA,-97.113881,32.941705
733,USA,-93.31384757,37.2530474
734,USA,-83.68249274,42.23207589
735,USA,-75.13688555,40.22522657
736,USA,-85.40161058,32.62030906
737,USA,-82.40726804,36.34391241
738,USA,-78.439538,36.338746
739,USA,-79.005725,34.666956
740,USA,-82.66521847,27.79287138
741,USA,-81.026836,29.111423
742,USA,-81.107049,29.260583
746,USA,-81.71294,38.32939
748,USA,-90.29488508,38.80894191
749,USA,-85.2458018,35.13758669
750,USA,-95.25306015,30.0409923
751,USA,-75.04216259,39.7354706
753,USA,-90.69404604,38.79050616
754,USA,-80.1574,26.1673
755,USA,-83.09627304,40.10089194
756,USA,-106.5801555,35.17237848
757,USA,-75.29434669,40.10224701
758,USA,-117.596924,33.642941
759,USA,-117.213873,34.0617
760,USA,-84.45985281,39.28438601
761,USA,-83.62644866,43.01597311
763,USA,-72.5542,41.8085
764,USA,-90.4031342,38.56143798
765,USA,-85.65030957,42.29167792
766,USA,-81.52296769,40.76546185
767,USA,-78.884783,35.114435
768,USA,-83.41141596,42.33208011
769,USA,-117.788336,33.725203
770,USA,-81.73627418,41.42307693
771,USA,-82.737902,28.015913
772,USA,-82.46303,27.44456
773,USA,-118.0875,33.8302
774,USA,-117.55494,34.105718
775,USA,-117.14814,33.53231
777,USA,-84.67040217,42.7368065
778,USA,-97.67782944,30.485414
779,USA,-83.87672926,42.58302248
780,USA,-79.91044,40.41162
781,USA,-84.14032497,39.8772815
783,USA,-81.92519,27.99822
784,USA,-115.25853,36.18044
785,USA,-118.123779,33.81029
786,USA,-77.061159,35.564794
787,USA,-79.42325,36.59799
790,USA,-119.088966,35.382374
791,USA,-118.14476,34.59996
792,USA,-111.923091,33.636596
795,USA,-119.791442,36.845745
1001,USA,-117.348348,34.469784
1003,USA,-82.379138,28.115629
1004,USA,-78.98703218,33.6464864
1006,USA,-84.28587191,37.72833258
1008,USA,-82.96961225,42.62579904
1010,USA,-78.728758,41.122996
1013,USA,-117.1263,32.78252
1014,USA,-71.347752,41.938591
1016,USA,-83.76259,32.88092
1019,USA,-122.4205793,37.6410657
1022,USA,-75.95793839,43.97182877
1023,USA,-81.50748835,41.42206216
1024,USA,-119.765169,39.150358
1026,USA,-116.49236,33.81519
1030,USA,-117.916864,33.854811
1031,USA,-85.65451107,40.08217459
1032,USA,-111.891745,33.306967
1033,USA,-115.0328,36.063175
1034,USA,-74.60965283,39.43636567
1035,USA,-74.16678358,40.41428101
1037,USA,-77.457442,37.555044
1038,USA,-79.750138,34.920916
1040,USA,-80.834538,38.310436
1041,USA,-117.68246,34.10795
1042,USA,-112.2233157,33.46688328
1043,USA,-121.8307,38.0047
1045,USA,-83.60399686,41.05759935
1046,USA,-74.6349486,40.19860414
1047,USA,-75.4555611,40.12911783
1048,USA,-117.4521,33.9172
1050,USA,-117.603977,33.457311
1052,USA,-95.63757349,30.09185631
1053,USA,-95.15881573,29.64801001
1054,USA,-90.1635547,30.00220284
1055,USA,-90.446439,38.509515
1057,USA,-90.53027732,38.78878607
1058,USA,-95.52839212,29.78635579
1059,USA,-96.80247187,33.10648191
1060,USA,-80.936606,35.146677
1064,USA,-80.94142,33.96425
1065,USA,-76.213357,36.85824
1066,USA,-81.21149,34.00241
1067,USA,-93.27726847,38.71089352
1068,USA,-78.39928315,33.97534263
1069,USA,-80.201583,26.351552
1070,USA,-90.49686761,30.50251385
1071,USA,-84.44696778,39.03933006
1072,USA,-80.879338,36.692015
1073,USA,-87.063739,30.389063
1074,USA,-83.40103924,41.95429327
1075,USA,-79.757591,34.158473
1076,USA,-84.017089,33.640094
1077,USA,-92.24410519,38.5798736
1078,USA,-94.65197583,39.25051032
1079,USA,-81.72933,28.01197
1080,USA,-111.98582,41.188235
1081,USA,-122.507032,47.167141
1082,USA,-114.623764,32.670093
1083,USA,-91.76199727,37.96655995
1084,USA,-94.77541908,39.01198493
1085,USA,-90.05914239,29.89678832
1086,USA,-121.0664,37.7025
1087,USA,-121.15615,38.67141
1088,USA,-98.66610428,29.54703124
1089,USA,-122.224451,47.320387
1090,USA,-111.79019,33.3368
1091,USA,-83.08014224,40.58414469
1092,USA,-84.8186403,39.83074412
1093,USA,-87.66585775,34.72628322
1094,USA,-70.96798393,42.55932974
1095,USA,-78.48457364,35.79703
1096,USA,-93.22822826,36.61411517
1097,USA,-81.697379,35.717778
1098,USA,-94.35949771,39.03441399
1099,USA,-104.71858,38.87403
1105,USA,-85.16596719,41.14095054
1106,USA,-74.018705,40.806452
1107,USA,-91.85420538,29.98696479
1108,USA,-122.7532462,45.42887388
1109,USA,-80.22692,27.16172
1110,USA,-85.59301072,42.24288332
1111,USA,-80.07561031,26.51280693
1112,USA,-80.772383,35.065709
1113,USA,-80.25784862,26.16532178
1114,USA,-122.4249272,45.53010378
1115,USA,-86.26771438,34.29994559
1116,USA,-82.02586,33.40972
1117,USA,-112.239177,33.60862
1118,USA,-113.555598,37.100276
1119,USA,-84.3174,33.8855
1120,USA,-79.81996,34.18805
1121,USA,-85.77378063,42.87979463
1122,USA,-76.872667,38.956786
1123,USA,-82.68008564,38.50066026
1124,USA,-80.705267,35.127862
1125,USA,-77.426448,39.026519
1126,USA,-76.58186,36.750205
1127,USA,-76.36171344,40.0415239
1128,USA,-95.29948887,29.69779671
1130,USA,-80.399338,41.014816
1131,USA,-95.59131293,29.73508185
1132,USA,-122.0644,37.6008
1133,USA,-112.024919,40.683309
1134,USA,-97.75805075,35.48204701
1135,USA,-86.38250187,39.76056249
1136,USA,-76.889884,38.770033
1137,USA,-106.4386803,31.90081917
1138,USA,-77.894147,34.148449
1139,USA,-81.52512597,41.31135548
1140,USA,-81.2400596,28.65373711
1141,USA,-80.10288,36.10656
1142,USA,-87.2715,30.4345
1143,USA,-121.95853,38.37167
1144,USA,-118.334394,34.191182
1145,USA,-95.16564908,29.81272821
1146,USA,-106.3052097,31.72719607
1147,USA,-92.60126481,38.1560299
1148,USA,-121.402,38.4548
1149,USA,-75.03887948,39.86376566
1150,USA,-121.743732,37.694008
1151,USA,-93.9906079,29.94009703
1152,USA,-106.5725464,31.86219513
1153,USA,-84.1816,33.4303
1155,USA,-98.55487784,29.51176413
1156,USA,-82.82976931,42.67203531
1157,USA,-112.4227366,34.55446325
1158,USA,-106.7715163,32.34360072
1159,USA,-96.02938296,41.25758934
1160,USA,-84.29615339,39.06957724
1161,USA,-81.2075,28.5471
1162,USA,-118.6065,34.2204
1163,USA,-89.80076923,35.04739964
1164,USA,-81.098046,36.957455
1165,USA,-97.48148436,35.2247086
1166,USA,-88.41389809,33.52082411
1167,USA,-122.831545,47.048553
1168,USA,-86.35915546,39.61517767
1170,USA,-117.8169,34.1085
1174,USA,-71.04894926,42.09299325
1175,USA,-82.99463097,40.01086237
1176,USA,-87.01438514,34.56793868
1177,USA,-73.76326609,42.74486359
1180,USA,-94.41178178,38.92986227
1181,USA,-86.40148687,32.46240944
1184,USA,-96.20268502,41.23155069
1185,USA,-74.661759,40.3086574
1186,USA,-76.3943,37.0401
1187,USA,-89.78621324,35.20630441
1188,USA,-76.8612,39.087
1189,USA,-72.9979261,40.82632481
1190,USA,-82.73731,27.83987
1191,USA,-85.99146046,40.03259159
1192,USA,-73.9475,41.041719
1193,USA,-89.584534,40.68077454
1195,USA,-73.49350057,44.69406976
1196,USA,-84.6272397,35.44570406
1197,USA,-71.49752897,41.68270787
1198,USA,-71.12856188,42.50579987
1199,USA,-96.68631733,33.10219791
1200,USA,-80.1742,40.449
1201,USA,-121.797499,39.7156
1202,USA,-82.78031863,36.18012916
1203,USA,-88.94707195,40.48630935
1204,USA,-112.124444,33.60866168
1205,USA,-83.1933703,42.18650919
1206,USA,-71.77287911,42.29248468
1207,USA,-121.280209,38.788686
1209,USA,-89.58150646,36.86088857
1210,USA,-79.662362,36.378917
1211,USA,-82.90498407,39.97458453
1500,USA,-95.84126,36.29483937
1501,USA,-111.827437,41.758716
1502,USA,-75.89162295,42.16059712
1503,USA,-90.53982855,38.59100731
1504,USA,-98.64537133,29.4390984
1505,USA,-71.44422852,41.797
1506,USA,-80.7415,28.2966
1507,USA,-84.17415,33.93102
1508,USA,-83.545138,31.444416
1509,USA,-81.5211,35.9003
1510,USA,-118.536657,34.427105
1511,USA,-97.1469,32.5941
1512,USA,-74.70260053,40.88179895
1513,USA,-85.234738,34.273616
1514,USA,-85.61197507,43.04120672
1515,USA,-95.46227308,30.20964834
1516,USA,-85.8814775,39.21055984
1517,USA,-85.58523009,42.91050598
1518,USA,-85.67194526,38.10649293
1519,USA,-80.76545073,41.88034366
1520,USA,-96.14252616,41.28936194
1521,USA,-80.726838,32.427016
1522,USA,-81.656138,36.200116
1523,USA,-84.24581961,40.05547776
1524,USA,-97.24027641,32.89655687
1525,USA,-86.12466473,39.99937001
1526,USA,-89.79782789,35.11874601
1527,USA,-91.03811214,33.36761943
1528,USA,-79.406067,37.805301
1529,USA,-80.174738,35.343116
1530,USA,-95.16680112,30.00027041
1531,USA,-86.96540753,33.41027739
1532,USA,-95.88960047,36.00155294
1533,USA,-80.826263,32.242433
1534,USA,-122.6273,47.6156
1535,USA,-74.1582,40.0575
1536,USA,-95.76769371,36.06503115
1537,USA,-114.9561,36.0147
1538,USA,-77.4237,38.8956
1539,USA,-104.8031402,41.16658407
1540,USA,-121.27103,38.677983
1541,USA,-119.697633,36.80907
1542,USA,-75.10575483,39.83300521
1543,USA,-106.5143,35.1178
1544,USA,-83.87663104,36.02777731
1545,USA,-121.27,38.022
1546,USA,-76.0542,36.8404
1547,USA,-97.1986142,37.67674458
1548,USA,-74.05663901,40.29670574
1549,USA,-97.46203258,35.64966247
1551,USA,-84.69525287,45.02252369
1552,USA,-121.551213,37.005186
1553,USA,-112.3435,33.4616
1554,USA,-108.585707,39.08016
1555,USA,-118.323,33.9213
1556,USA,-117.004212,33.742539
1557,USA,-81.2833,35.7
1558,USA,-122.9583034,45.50344576
1559,USA,-97.60934583,38.78214755
1560,USA,-99.11850504,30.06886179
1561,USA,-155.990938,19.646616
1562,USA,-117.9681,33.9168
1563,USA,-99.50017802,27.56147729
1564,USA,-83.944538,30.837116
1565,USA,-94.45119756,39.24773577
1566,USA,-81.4188,39.4063
1567,USA,-74.30847913,40.35510065
1568,USA,-88.68001582,32.35419929
1569,USA,-87.31787677,41.47567011
1570,USA,-95.45655613,29.68788614
1571,USA,-75.72611929,39.4474235
1572,USA,-74.89556823,40.17052431
1573,USA,-122.202085,47.877519
1574,USA,-117.275852,33.940454
1575,USA,-74.80683315,39.97981312
1576,USA,-117.2076,33.5621
1577,USA,-86.58796971,34.773177
1579,USA,-98.51358279,29.60664005
1580,USA,-95.91992938,36.13969412
1581,USA,-77.47114016,43.21176998
1582,USA,-97.42850392,32.80754005
1583,USA,-74.162686,40.627189
1584,USA,-74.0725743,41.50325986
1585,USA,-84.42963234,39.17042476
1588,USA,-117.3099,33.230595
1590,USA,-75.13850571,40.67750547
1591,USA,-118.1043,33.9853
1592,USA,-82.1222,27.9874
1593,USA,-76.356202,36.812395
1595,USA,-83.004343,39.881906
1596,USA,-84.53425976,42.65893742
1597,USA,-74.2231,40.5483
1598,USA,-81.3113,28.5077
1599,USA,-88.16429077,30.59937969
1600,USA,-122.9892,44.9139
1601,USA,-87.46884302,41.51403417
1602,USA,-77.3102,38.654
1603,USA,-84.0113,33.8851
1604,USA,-83.2821248,42.49829628
1605,USA,-82.58992442,28.49829098
1606,USA,-81.349482,41.237294
1607,USA,-112.34961,33.636282
1608,USA,-74.17440576,39.99005102
1609,USA,-85.6422559,44.73068779
1610,USA,-87.50188128,38.69243248
1611,USA,-119.311409,36.296325
1612,USA,-73.89019337,42.77340663
1613,USA,-111.9811,40.6169
1614,USA,-83.71167563,41.67612957
1615,USA,-85.85665351,41.26891864
1616,USA,-117.24771,33.195317
1617,USA,-82.321238,31.197616
1618,USA,-70.93465863,42.24398982
1619,USA,-97.4340007,32.75227159
1620,USA,-115.111557,36.157137
1621,USA,-81.29367989,41.68199235
1622,USA,-84.77758248,37.61449263
1623,USA,-94.60497372,38.88780765
1624,USA,-73.60461186,40.73801475
1625,USA,-98.36589815,29.54481386
1626,USA,-86.55236036,35.98773403
1627,USA,-92.2178083,34.78781793
1628,USA,-91.97339831,34.20730023
1629,USA,-82.5052,27.9032
1630,USA,-105.0904,39.622
1631,USA,-122.4601,48.7711
1632,USA,-122.5547971,45.6762884
1633,USA,-149.8649,61.1227
1634,USA,-103.2195418,44.11018209
1635,USA,-82.983638,34.693516
1636,USA,-106.6507694,35.20269787
1637,USA,-74.972469,39.94096722
1638,USA,-110.9801241,32.28157565
1639,USA,-115.203233,36.157698
1640,USA,-85.997072,33.997157
1641,USA,-80.281638,39.273616
1642,USA,-81.42840665,41.62528841
1643,USA,-83.67067765,41.61483953
1644,USA,-83.247538,33.102516
1645,USA,-98.4343,29.4915
1646,USA,-84.96010388,34.79225237
1647,USA,-81.518362,30.619887
1648,USA,-91.00858417,38.53722693
1649,USA,-83.59161227,41.54265774
1650,USA,-96.87067469,46.86460401
1651,USA,-84.674378,34.035031
1652,USA,-81.417911,28.339878
1653,USA,-80.841338,36.275616
1654,USA,-80.1819,42.0726
1655,USA,-77.71281427,43.21378321
1656,USA,-74.63,40.5182
1657,USA,-81.2877,28.7576
1658,USA,-74.29354705,40.55040012
1659,USA,-83.57043843,41.72301091
1660,USA,-79.763541,40.438352
1661,USA,-116.992809,32.839037
1663,USA,-70.70834164,41.97229621
1664,USA,-84.2594,39.185424
1665,USA,-72.71522763,41.81431466
1666,USA,-87.46938666,36.82027953
1667,USA,-75.34347635,40.42001768
1668,USA,-84.28213576,34.09451139
1669,USA,-75.24897887,40.24794016
1670,USA,-74.94169828,40.01931211
1671,USA,-79.99311,39.627621
1672,USA,-120.496811,37.318466
1674,USA,-73.99515335,40.67180962
1675,USA,-87.36224911,36.0504315
1676,USA,-74.21986497,40.13023657
1677,USA,-82.93107527,42.44765269
1678,USA,-82.594338,36.973716
1679,USA,-89.60087825,39.83958322
1680,USA,-91.32070092,39.93200965
1681,USA,-80.2487,26.0098
1682,USA,-114.038,46.893
1683,USA,-82.422979,27.07186
1684,USA,-89.74727987,30.27988349
1685,USA,-81.961269,28.957713
1687,USA,-79.3808,40.2856
1688,USA,-91.61077522,41.69096901
1689,USA,-78.33988,34.993665
1690,USA,-121.297198,44.109138
1691,USA,-81.731773,30.316024
1692,USA,-86.2973764,36.19131585
1693,USA,-123.2185,45.1905
1695,USA,-96.33029081,42.45053321
1696,USA,-81.94852711,40.84474955
1698,USA,-90.07910197,30.4475173
1699,USA,-81.4718,30.32
1700,USA,-117.43658,34.13928
1701,USA,-82.7945,27.8958
1702,USA,-98.20270843,26.1913923
1703,USA,-115.3011,36.1013
1704,USA,-89.0674615,36.41388323
1705,USA,-78.996777,33.792035
1706,USA,-121.308052,38.117113
1707,USA,-111.053875,32.334866
1708,USA,-119.029404,35.298504
1709,USA,-73.28122528,40.72669499
1710,USA,-77.17213644,40.19837125
1711,USA,-88.20412752,41.7423333
1712,USA,-92.34903951,42.4550735
1713,USA,-76.245984,36.29114
1714,USA,-82.729103,27.959814
1715,USA,-84.5057446,33.65675531
1716,USA,-82.9019813,42.55590138
1717,USA,-75.99706362,40.31611699
1718,USA,-82.406693,34.892469
1719,USA,-115.1161,36.0071
1720,USA,-80.086499,26.806811
1721,USA,-89.99295522,34.96533467
1722,USA,-77.649385,35.26014
1723,USA,-76.533809,37.385203
1724,USA,-98.44690419,34.62141342
1725,USA,-97.6754079,30.41543746
1726,USA,-86.68018238,33.42062652
1727,USA,-97.74108985,30.36439445
1728,USA,-112.185491,33.552629
1729,USA,-75.66551031,40.01900241
1730,USA,-104.7914,39.6379
1731,USA,-89.40063046,36.05459714
1732,USA,-82.129624,27.005461
1733,USA,-84.291694,33.245589
1734,USA,-119.24448,34.266897
1735,USA,-85.38057415,38.78402324
1736,USA,-84.5323247,38.22783325
1737,USA,-86.51796593,33.56514533
1738,USA,-88.3437074,41.89867223
1739,USA,-88.33894307,42.18073623
1740,USA,-73.76408912,42.86210149
1741,USA,-123.356803,43.250127
1742,USA,-116.965273,32.64824
1743,USA,-117.5393,33.8696
1744,USA,-86.80384393,33.61033499
1745,USA,-97.89022887,38.07383079
1746,USA,-90.42978938,37.79104985
1747,USA,-86.88383007,36.48850204
1748,USA,-87.71910965,42.01030922
1749,USA,-97.162363,34.189105
1750,USA,-83.84477652,42.29230933
1751,USA,-80.643047,34.248684
1752,USA,-94.76651908,36.57426482
1753,USA,-117.986619,33.716677
1754,USA,-110.838875,32.236052
1755,USA,-104.772171,39.536246
1756,USA,-121.802501,37.252738
1757,USA,-89.90944838,34.31149765
1758,USA,-70.77218028,42.11008894
1759,USA,-75.287963,40.657038
1760,USA,-78.916662,36.735589
1761,USA,-105.9627241,32.93527479
1762,USA,-94.34799179,32.553552
1763,USA,-97.85045258,27.49329152
1764,USA,-79.870625,37.322454
1765,USA,-82.45123466,40.39877028
1766,USA,-92.10464833,34.88714931
1767,USA,-86.45383172,35.50959372
1768,USA,-81.49019435,40.97794302
1769,USA,-94.019018,30.905794
1770,USA,-85.36370369,37.33973366
1771,USA,-96.90094673,32.7645891
1772,USA,-94.65953941,31.65326901
1773,USA,-85.16364304,40.77254042
1774,USA,-90.47741328,31.25832254
1775,USA,-91.68431754,35.24841234
1776,USA,-81.211254,34.984648
1777,USA,-78.64122641,35.3232208
1778,USA,-87.17451199,41.5479422
1779,USA,-83.08672565,42.56136834
1780,USA,-96.68442971,32.86563027
1781,USA,-103.1948643,34.43491233
1782,USA,-86.57346,30.731424
1783,USA,-82.845437,31.486016
1784,USA,-73.79020721,42.6114949
1785,USA,-116.595964,43.602912
1786,USA,-85.75484793,34.43595657
1787,USA,-82.356895,32.201785
1788,USA,-81.895919,35.33878
1789,USA,-88.304864,36.284114
1790,USA,-94.95133547,30.70844848
1791,USA,-111.003672,32.135057
1792,USA,-80.100973,26.255372
1793,USA,-84.478489,34.682532
1794,USA,-83.32293,30.839608
1795,USA,-89.95141019,38.77884838
1796,USA,-85.93061892,36.99995698
1797,USA,-82.82144188,37.82617031
1798,USA,-78.5380486,35.96795409
1799,USA,-86.95149652,34.78733348
1800,USA,-84.54887826,35.89331532
1801,USA,-96.11406694,32.3288099
1802,USA,-94.99946484,33.17306237
1803,USA,-77.971342,38.485697
1805,USA,-80.231777,39.00232
1806,USA,-94.20629903,36.04957783
1807,USA,-84.375981,33.91629
1808,USA,-83.48230039,38.19180623
1809,USA,-90.4082678,38.2100706
1810,USA,-95.5985991,33.10754384
1811,USA,-96.99593726,32.83342105
1812,USA,-104.754241,40.39537
1813,USA,-93.70644124,32.54561293
1814,USA,-83.44943012,42.54317855
1815,USA,-77.637385,36.434489
1816,USA,-75.0430775,39.42533381
1817,USA,-77.23832896,42.87401891
1818,USA,-94.97967362,35.89196828
1819,USA,-83.21775089,37.29626503
1820,USA,-81.671971,29.657087
1821,USA,-88.13346212,41.93831291
1822,USA,-92.0694635,30.53005351
1823,USA,-83.4547625,42.65951791
1824,USA,-122.5848376,45.42465499
1825,USA,-97.361834,27.700808
1826,USA,-94.17739786,36.17364359
1827,USA,-82.408941,28.533208
1828,USA,-87.84969832,41.60588225
1829,USA,-87.99427867,42.38503471
1830,USA,-94.74038863,39.11810956
1831,USA,-71.64139271,42.28183289
1832,USA,-70.9852135,41.64438814
1833,USA,-93.33544953,45.19507746
1834,USA,-81.860401,36.144327
1835,USA,-78.793884,35.798497
1836,USA,-115.329678,36.160709
1837,USA,-75.140065,40.157036
1838,USA,-81.750206,37.062185
1839,USA,-79.124551,37.435028
1841,USA,-80.2942,25.9334
1842,USA,-81.587873,30.221547
1843,USA,-82.5764,27.4637
1845,USA,-87.78933151,41.92781336
1847,USA,-83.47545959,42.32485788
1848,USA,-75.02448459,40.08133008
1849,USA,-75.14324994,39.91983521
1850,USA,-111.909087,33.466165
1852,USA,-118.42404,34.272508
1853,USA,-82.394867,28.856614
1854,USA,-82.190111,28.272392
1855,USA,-82.069434,29.208415
1856,USA,-81.599105,31.828455
1857,USA,-71.03432674,41.90704941
1858,USA,-71.726218,42.494214
1859,USA,-83.21281051,42.28034877
1860,USA,-86.24818388,41.79230983
1861,USA,-74.874734,39.018773
1862,USA,-74.40098633,40.4512438
1863,USA,-115.226254,36.238926
1864,USA,-76.51367852,42.43084524
1865,USA,-75.4881911,43.2279759
1866,USA,-82.05944622,39.33495944
1867,USA,-75.39838833,40.62948984
1868,USA,-76.48441652,41.01191298
1869,USA,-89.89149493,35.3572244
1870,USA,-77.600133,38.797275
1871,USA,-122.205917,38.136162
1872,USA,-117.915644,33.993452
1873,USA,-118.557875,34.236143
1874,USA,-105.09875,40.150302
1875,USA,-84.347925,33.759063
1877,USA,-90.1314828,29.96592904
1878,USA,-78.8771,35.7456
1879,USA,-70.81980159,43.04858994
1880,USA,-74.18562755,42.97235349
1881,USA,-78.69940888,42.9907359
1882,USA,-78.74606809,42.7974895
1883,USA,-78.8173882,43.00072224
1886,USA,-75.65834324,40.22539481
1887,USA,-122.96031,46.147759
1888,USA,-81.174576,37.796903
1889,USA,-71.50452473,42.16306124
1890,USA,-85.78363728,35.70261485
1891,USA,-95.63141744,36.28875259
1892,USA,-95.620876,31.734702
1893,USA,-88.81162057,35.55333596
1894,USA,-86.51896252,38.8591342
1895,USA,-121.970126,37.505352
1896,USA,-97.08518951,47.88625882
1897,USA,-81.745931,30.164868
1898,USA,-95.80624363,29.52969668
1899,USA,-93.32339218,30.21933687
1900,USA,-117.722063,33.579985
1901,USA,-122.713818,38.333604
1903,USA,-105.114596,39.740633
1904,USA,-114.330797,48.241298
1905,USA,-107.341732,39.55453
1906,USA,-112.01527,43.483033
1907,USA,-71.47149343,42.94071396
1908,USA,-76.47316973,43.46412686
1909,USA,-77.409158,38.46748
1910,USA,-85.67862893,35.0416026
1911,USA,-82.32902,27.854557
1913,USA,-73.21447441,44.44099173
1914,USA,-71.16981997,42.25248222
1916,USA,-72.5636857,42.35374949
1917,USA,-73.42599914,40.74058493
1920,USA,-80.691311,35.210398
1922,USA,-82.039261,35.704467
1923,USA,-85.6652232,38.20070626
1924,USA,-85.189584,30.734651
1925,USA,-83.538933,34.542457
1926,USA,-122.348357,40.571752
1932,USA,-71.32730281,41.79904312
1933,USA,-121.645342,39.139908
1934,USA,-75.375987,41.122599
1935,USA,-82.45365,27.336887
1937,USA,-74.09437764,40.72306809
1938,USA,-74.821343,40.83922086
1939,USA,-74.25811,40.694326
1940,USA,-68.73950791,44.840577
1941,USA,-119.177652,34.220081
1942,USA,-74.09193796,40.82821817
1944,USA,-79.07428,40.040961
1945,USA,-81.297384,29.056023
1946,USA,-70.32332225,43.67297136
1948,USA,-97.93986261,30.30345114
1952,USA,-74.72475178,41.35178653
1953,USA,-76.21512606,42.57307031
1955,USA,-93.48498069,45.01698287
1956,USA,-86.3215861,41.3632788
1957,USA,-74.33487469,40.99170875
1958,USA,-83.479827,33.56347
1959,USA,-81.25158,37.240692
1962,USA,-80.113964,26.708596
1965,USA,-95.38945089,32.47673383
1966,USA,-90.33089661,38.6181776
1967,USA,-75.026949,42.449367
1968,USA,-93.71431181,32.4407796
1969,USA,-97.78612363,32.72679906
1971,USA,-118.776735,34.283212
1972,USA,-118.470478,34.39283
1973,USA,-73.82897942,42.70613253
1976,USA,-74.74077177,41.07634811
1979,USA,-70.87268974,42.88610811
1980,USA,-74.9684784,40.13512498
1982,USA,-76.077963,38.787336
1983,USA,-82.297009,34.828961
1984,USA,-81.049907,37.363858
1985,USA,-147.691203,64.857674
1986,USA,-81.985,35.048681
1987,USA,-117.336687,33.69334
1988,USA,-89.84153205,34.96817715
1989,USA,-105.057164,39.855338
1990,USA,-82.703252,35.272342
2201,USA,-82.535144,35.444843
2202,USA,-114.580423,35.122729
2203,USA,-92.36063614,30.23288828
2204,USA,-83.322194,33.940621
2205,USA,-81.120239,38.033926
2206,USA,-87.70484132,44.0759716
2207,USA,-81.961276,33.504057
2208,USA,-89.1474682,32.76205346
2209,USA,-67.99939056,46.69591787
2210,USA,-78.983664,36.36606
2211,USA,-122.009842,37.381665
2212,USA,-85.94172467,31.77749415
2213,USA,-81.694618,41.040408
2214,USA,-96.40897555,34.00325011
2215,USA,-119.676814,36.327366
2216,USA,-77.60161972,40.58603005
2217,USA,-79.858579,37.017628
2218,USA,-88.213434,35.227736
2219,USA,-79.800339,40.569067
2220,USA,-97.390817,32.379533
2221,USA,-81.807442,26.610627
2222,USA,-79.793738,36.002857
2223,USA,-76.98448438,40.23837652
2224,USA,-81.489667,27.502978
2225,USA,-97.78758115,32.43247153
2226,USA,-93.22324048,37.00224177
2227,USA,-121.374339,38.055724
2228,USA,-77.52986421,39.74051652
2229,USA,-77.47746137,41.11416305
2230,USA,-94.22409337,36.4186939
2231,USA,-91.68211243,42.03200793
2232,USA,-84.168946,33.700708
2233,USA,-73.12763656,40.87262167
2234,USA,-93.27472409,31.12178901
2235,USA,-97.599971,33.22978
2236,USA,-92.335271,36.355373
2237,USA,-89.90998678,35.14720356
2239,USA,-83.83994697,35.90531992
2240,USA,-81.616365,27.949659
2241,USA,-81.219902,29.551122
2244,USA,-76.797829,39.184711
2245,USA,-85.57556866,38.31260633
2246,USA,-81.545068,39.212533
2247,USA,-80.013261,40.351692
2248,USA,-75.59599169,38.66302094
2249,USA,-74.02422923,41.10934809
2250,USA,-74.99055736,44.69106947
2251,USA,-87.85490366,30.65707195
2252,USA,-75.26677526,41.00168574
2253,USA,-81.975854,28.089882
2254,USA,-80.315586,25.85433
2255,USA,-81.481881,36.381528
2256,USA,-77.6077,34.451079
2257,USA,-83.201927,35.353908
2258,USA,-75.71657545,39.68627749
2260,USA,-74.27103807,39.69746278
2261,USA,-81.702188,26.062235
2263,USA,-72.15925564,41.36944534
2265,USA,-69.80661004,44.31058202
2267,USA,-71.00762947,42.23557838
2268,USA,-118.332634,33.805306
2270,USA,-117.628534,34.03144
2271,USA,-115.12007,36.085303
2272,USA,-111.725136,32.88153085
2273,USA,-121.866538,37.703971
2274,USA,-104.873056,39.411277
2275,USA,-111.897228,40.741218
2277,USA,-112.012566,46.618891
2278,USA,-119.0268,36.052842
2279,USA,-120.3671834,37.97074234
2280,USA,-96.82925969,32.83069652
2282,USA,-82.261706,27.937259
2284,USA,-73.9201428,40.60925576
2288,USA,-72.80680056,41.4970593
2289,USA,-75.68617485,43.08048199
2291,USA,-68.72493203,44.7742813
2293,USA,-111.827902,40.391735
2294,USA,-117.172935,33.683177
2295,USA,-112.557478,33.441749
2296,USA,-111.980495,40.524119
2299,USA,-90.42634912,38.74645319
2300,USA,-90.26457195,38.55531004
2301,USA,-87.630496,41.742344
2302,USA,-89.92685183,38.52187785
2303,USA,-90.38642527,38.43641093
2304,USA,-87.73935437,41.74846273
2305,USA,-83.1291866,42.63222209
2308,USA,-88.58437025,44.03014126
2309,USA,-88.06299092,43.07619513
2310,USA,-89.030613,42.36278
2311,USA,-90.78687405,38.76722122
2312,USA,-83.10918384,42.50662607
2313,USA,-93.08207395,44.89162234
2314,USA,-93.46117243,37.1315993
2315,USA,-92.82800743,45.03289064
2318,USA,-86.39172107,43.95852019
2319,USA,-86.08560011,39.70211558
2321,USA,-71.80393089,44.29418119
2322,USA,-71.44591123,43.56107453
2326,USA,-74.03458898,41.73944781
2327,USA,-73.05864621,41.31414677
2328,USA,-74.13365524,40.90535648
2330,USA,-117.546784,33.974396
2331,USA,-117.2668855,33.12731913
2333,USA,-92.953992,47.40161
2334,USA,-120.883235,37.52352
2335,USA,-120.797888,38.369332
2336,USA,-157.874456,21.319367
2338,USA,-84.64765982,39.1851927
2339,USA,-81.819557,41.344129
2340,USA,-97.461631,37.731924
2341,USA,-121.283343,38.582262
2343,USA,-83.62642302,39.22762422
2344,USA,-119.181879,46.2665
2345,USA,-84.42216851,38.03948533
2346,USA,-122.312607,47.287933
2348,USA,-80.861378,35.206034
2349,USA,-80.378242,27.318284
2350,USA,-89.38064932,30.30960704
2351,USA,-80.584871,28.149042
2352,USA,-80.850568,35.347396
2354,USA,-76.984256,38.55926
2355,USA,-77.92599507,40.81179005
2356,USA,-80.886493,34.114322
2357,USA,-77.700215,39.662178
2358,USA,-81.664473,35.090899
2360,USA,-82.502283,28.063587
2361,USA,-81.976004,26.605021
2362,USA,-81.789706,26.430264
2363,USA,-81.442016,28.158437
2364,USA,-81.190807,28.925488
2365,USA,-82.340897,29.674845
2366,USA,-82.128364,33.538096
2367,USA,-85.819798,30.199397
2368,USA,-80.587877,35.467013
2369,USA,-90.27191635,32.29207807
2370,USA,-81.332072,35.764347
2371,USA,-95.6986342,29.97112741
2372,USA,-71.023783,42.450076
2374,USA,-71.11035855,44.01850856
2375,USA,-71.59267015,42.39487438
2376,USA,-70.74371763,41.77274754
2378,USA,-75.22186708,39.97768292
2379,USA,-76.24569508,43.18273857
2380,USA,-76.10028883,43.05734176
2382,USA,-71.19538563,42.7409398
2383,USA,-72.69753924,41.60390168
2384,USA,-71.4005886,42.30500584
2385,USA,-76.54387018,41.97980829
2386,USA,-72.27620889,42.23791908
2388,USA,-70.69997909,43.40091195
2389,USA,-74.92369455,39.83342171
2391,USA,-71.448681,42.725931
2393,USA,-71.30867466,42.02961672
2395,USA,-73.11051911,41.82561765
2396,USA,-71.88054476,41.83971625
2397,USA,-71.46663283,41.72044126
2399,USA,-75.530485,42.50036
2400,USA,-74.97001755,43.02684573
2401,USA,-75.45998928,44.70385596
2402,USA,-75.1296537,39.7599304
2405,USA,-75.80192402,39.83642381
2407,USA,-70.33782964,43.62412013
2409,USA,-76.76501906,39.965193
2411,USA,-79.939008,40.64205
2412,USA,-75.903949,41.261335
2413,CAN,-79.77958211,43.24469009
2414,USA,-75.557861,38.076544
2417,USA,-80.096444,40.388897
2418,USA,-92.62734685,32.54615697
2419,USA,-105.012854,39.624451
2420,USA,-122.198897,47.501093
2421,USA,-112.099858,33.378662
2423,USA,-104.819346,38.900504
2424,USA,-118.974576,35.397035
2428,USA,-74.29593836,40.01490404
2429,USA,-75.56273106,39.71355436
2431,USA,-74.055035,40.914223
2432,USA,-104.991051,39.940273
2434,USA,-77.92057386,43.20129355
2435,USA,-96.76072947,44.31467747
2436,USA,-77.067177,34.691013
2437,USA,-81.726304,28.544527
2438,USA,-81.671252,28.351526
2440,USA,-97.09647608,32.87966863
2441,USA,-96.446475,32.743371
2442,USA,-80.967198,35.030514
2444,USA,-77.664786,42.345623
2448,USA,-79.164891,35.74443
2449,USA,-70.99400532,43.29258381
2450,USA,-81.847724,41.460281
2451,USA,-86.48730033,34.66284142
2452,USA,-122.403351,37.657709
2453,USA,-78.68856547,42.49691953
2457,USA,-81.818492,28.055847
2458,USA,-80.581457,37.151562
2459,USA,-93.54333455,39.77411337
2460,USA,-88.57182961,37.05247056
2462,USA,-82.975595,30.308682
2464,USA,-80.05957,33.032826
2465,USA,-93.23761093,45.18202761
2466,USA,-96.783404,43.526748
2468,USA,-97.67879256,26.16133564
2470,USA,-90.05626281,29.98384179
2471,USA,-92.49526288,34.6167709
2472,USA,-81.637678,30.480518
2473,USA,-119.331146,36.223955
2474,USA,-86.92192565,35.76869569
2476,USA,-75.86675719,40.15484158
2477,USA,-115.063634,36.204973
2478,USA,-83.692222,32.550294
2479,USA,-104.760046,39.96964
2480,USA,-98.602471,29.614614
2481,USA,-117.095017,33.128758
2483,USA,-73.88165062,42.21007261
2484,USA,-91.02304788,30.44346582
2485,USA,-98.19329561,26.30351167
2486,USA,-88.35175497,44.2531503
2487,USA,-88.74623709,35.87374982
2488,USA,-87.61318135,33.23312677
2489,USA,-81.645091,30.783762
2490,USA,-88.62391813,36.7211209
2491,USA,-94.50891624,36.18291582
2492,CAN,-80.238041,43.157598
2493,CAN,-79.76955555,43.72375282
2494,CAN,-79.2525911,43.83399464
2496,USA,-69.14212521,44.09474438
2497,USA,-83.78221763,38.61694605
2499,USA,-121.294799,38.874196
2500,USA,-81.383843,41.095332
2501,USA,-108.1418125,36.77253644
2502,USA,-118.146332,34.674405
2503,USA,-93.50640964,41.64125888
2504,USA,-97.27895115,37.57865254
2505,USA,-84.016543,35.098142
2506,USA,-97.178766,27.923327
2507,USA,-80.434095,37.812201
2508,USA,-121.747973,37.962384
2509,USA,-82.24206376,36.35173221
2510,USA,-106.0667315,36.01347561
2511,USA,-84.205924,40.289749
2512,USA,-149.398476,61.576043
2513,USA,-97.828983,30.218813
2514,USA,-70.23605169,44.11618666
2516,USA,-97.0818,33.071148
2517,USA,-79.300998,36.067587
2518,USA,-93.25483404,44.09798896
2519,USA,-88.84409068,33.44774346
2520,USA,-81.59292,34.283899
2521,USA,-96.398038,30.140455
2522,USA,-84.87880506,39.08375833
2523,USA,-86.06626691,39.50543268
2524,USA,-84.62087779,40.12945508
2525,USA,-86.80497318,33.23112762
2526,USA,-71.56603429,42.80846026
2527,USA,-111.630788,33.392092
2528,USA,-117.240934,34.471741
2529,USA,-87.99507537,42.05428346
2530,USA,-85.4312383,37.79966022
2531,USA,-81.837849,27.90272
2532,USA,-85.51559252,43.68601149
2533,USA,-100.812999,46.831024
2534,USA,-89.868271,35.930744
2535,USA,-88.12633217,41.69348638
2536,USA,-69.90491976,43.90824095
2537,USA,-75.54913638,39.09676127
2538,USA,-76.27242168,43.03808437
2539,USA,-106.660457,35.10761146
2540,USA,-97.56732081,35.5098082
2541,USA,-76.1200949,43.14938341
2542,USA,-85.75758696,38.32719439
2543,USA,-89.68959793,35.05185899
2544,USA,-73.41607374,41.41826577
2545,USA,-88.60781617,42.63044681
2546,USA,-97.165415,32.764028
2547,USA,-118.043648,34.557108
2548,USA,-81.88516,34.970469
2550,USA,-115.568069,32.812272
2551,USA,-71.06933445,43.03159844
2552,USA,-74.85296502,40.52733847
2553,USA,-90.07153139,32.34098034
2554,USA,-87.95316531,42.91790624
2555,USA,-78.189125,38.962222
2556,USA,-106.0147693,35.64375988
2557,USA,-112.110196,33.709413
2558,USA,-87.56360766,37.85839531
2559,USA,-94.796705,32.13695
2560,USA,-87.88896155,42.57557788
2561,USA,-122.293068,47.38482
2562,USA,-114.352971,34.545618
2563,USA,-89.15016844,31.70740004
2564,USA,-79.479877,34.760102
2565,USA,-92.64582812,37.66558426
2566,USA,-75.733033,40.817121
2567,USA,-96.890318,33.1818
2568,USA,-105.03801,40.406465
2570,USA,-83.61081971,42.51416198
2571,USA,-95.74301712,34.91561623
2572,USA,-77.326965,37.614994
2573,USA,-116.352329,43.634721
2574,USA,-97.40276908,35.43720236
2575,USA,-80.58478,35.91827
2576,USA,-93.89741172,36.91136405
2577,USA,-81.644995,28.82513
2578,USA,-104.748076,38.970708
2579,USA,-122.6765425,45.59295941
2580,USA,-87.91859159,41.50659884
2581,USA,-84.58616905,37.8998862
2582,USA,-111.8432843,33.2436069
2583,USA,-116.387309,33.79633
2584,USA,-76.56534487,40.32227392
2585,USA,-84.97392341,45.348
2586,USA,-89.50955062,44.49434758
2587,USA,-112.464865,42.911796
2588,USA,-94.64247119,39.03867634
2589,USA,-76.318831,39.457788
2591,USA,-82.21158472,36.56121647
2592,USA,-85.26646095,38.20816316
2593,USA,-86.25357534,41.62655771
2594,USA,-76.645542,39.14495
2595,USA,-81.992674,34.935374
2596,USA,-90.81711012,29.81208023
2597,USA,-114.457569,42.585699
2598,USA,-94.35371483,35.46721977
2600,USA,-93.73870429,38.77739593
2601,USA,-96.836823,32.423668
2602,USA,-78.939611,38.064548
2603,USA,-83.97035887,39.68752854
2604,USA,-122.046358,38.003245
2605,USA,-117.826906,33.697495
2606,USA,-111.858976,40.584905
2607,USA,-104.703276,38.721879
2608,USA,-111.063241,45.699692
2609,USA,-83.21464601,35.94054089
2610,USA,-71.58010514,43.4500784
2611,USA,-96.01964943,41.17145509
2612,USA,-73.50288812,40.74596778
2613,USA,-78.39732207,41.03362327
2614,USA,-79.151527,41.877516
2617,USA,-71.52895651,43.21330892
2618,USA,-86.486849,36.365511
2619,USA,-122.997172,45.00745
2620,USA,-90.12978899,32.465834
2621,USA,-83.762445,31.190154
2622,USA,-90.13902596,32.40124096
2623,USA,-77.507641,38.239883
2624,USA,-76.870892,37.896458
2625,USA,-80.720128,40.051606
2626,USA,-94.49001088,38.81070219
2627,USA,-93.42328372,45.08964003
2628,USA,-93.46659774,44.77666857
2629,USA,-70.44876974,43.83850288
2630,USA,-74.99321821,39.74873897
2631,CAN,-79.7232917,43.67843352
2632,CAN,-79.5034084,43.86217851
2633,CAN,-79.288622,43.724497
2634,USA,-82.575009,35.704707
2636,USA,-81.008688,35.450011
2637,USA,-78.531058,38.871227
2638,USA,-80.759611,34.962629
2639,USA,-82.647459,28.034156
2640,CAN,-79.461873,43.699736
2641,CAN,-81.336766,43.011963
2642,CAN,-79.48110087,44.07677114
2643,USA,-81.482735,31.201739
2644,USA,-80.633838,27.997358
2645,USA,-90.921833,30.249265
2646,USA,-96.11384702,33.09733657
2647,USA,-94.31616579,37.14160759
2648,USA,-93.80861,41.561476
2649,USA,-84.37848901,39.35241325
2650,USA,-81.037482,35.254512
2651,USA,-81.585129,28.521174
2652,USA,-81.342329,28.658066
2653,USA,-80.262084,36.031497
2654,USA,-86.51458441,36.17949559
2655,USA,-97.49299783,35.32508851
2656,USA,-98.21897592,26.25455975
2657,USA,-71.32357878,42.61791285
2658,USA,-73.02319698,41.23319533
2659,USA,-85.820402,33.7034
2660,USA,-119.329599,36.357692
2661,USA,-119.213631,39.612719
2662,USA,-111.89336,40.89199
2663,USA,-110.258089,31.555511
2664,USA,-73.73859641,40.63780655
2666,USA,-84.08681456,37.10438256
2668,USA,-77.36903316,43.06591707
2669,USA,-97.51054754,25.95205694
2670,USA,-97.563182,30.542729
2673,USA,-81.53376,28.687759
2674,USA,-84.201262,32.064079
2676,USA,-74.10589843,40.66143228
2681,USA,-86.41056453,39.86017655
2683,USA,-111.963626,33.800067
2685,USA,-74.28775348,41.3560594
2687,USA,-76.2581822,40.05438258
2690,USA,-89.97746433,30.03451561
2691,USA,-77.355431,37.530495
2693,USA,-73.13866857,44.50645668
2697,USA,-105.026714,40.523617
2698,USA,-76.950753,36.668783
2700,USA,-88.66199,30.395292
2701,USA,-73.9390006,42.83747726
2702,USA,-81.636729,28.138658
2704,USA,-78.84949385,42.75498461
2706,USA,-75.31883366,40.26590879
2707,USA,-80.451449,25.476047
2709,USA,-83.46654293,36.13031647
2712,USA,-120.081075,36.973139
2714,USA,-118.335049,34.048
2715,USA,-87.110357,30.602212
2719,USA,-99.694447,32.477256
2721,USA,-115.114727,36.241019
2723,USA,-71.508561,41.981361
2724,USA,-78.135942,39.220362
2725,USA,-86.711896,36.047261
2726,USA,-75.32058384,43.09067399
2727,USA,-82.226107,27.040613
2728,USA,-87.805224,42.107824
2729,USA,-91.15477542,38.22075619
2730,USA,-120.660167,35.645704
2731,USA,-72.98365127,40.76844462
2732,USA,-75.091251,39.997507
2733,USA,-122.644638,47.500686
2734,USA,-122.285232,47.157204
2736,USA,-92.45950394,43.95461029
2737,USA,-77.457611,34.750738
2738,USA,-122.825551,46.999045
2739,USA,-96.63859958,40.75152129
2741,CAN,-78.88077765,43.87799716
2742,USA,-104.644647,38.219367
2746,USA,-122.680126,47.658941
2750,USA,-80.854535,35.672869
2751,USA,-87.95056158,42.25558516
2752,USA,-71.05060647,42.00997004
2753,USA,-82.244877,29.094234
2755,USA,-121.537811,38.555732
2756,USA,-96.0015391,36.05890654
2759,USA,-76.94859322,42.87806668
2761,USA,-90.88085664,38.8179176
2763,USA,-75.49654134,40.64560186
2765,USA,-83.23839384,42.14246679
2766,USA,-86.34185641,39.94677709
2767,USA,-94.572603,39.182237
2768,USA,-83.95204338,38.06827946
2769,USA,-92.16185465,37.82877301
2770,USA,-82.016921,41.469943
2771,USA,-79.754639,36.113495
2772,USA,-81.277206,32.078107
2773,USA,-82.59950862,36.55794667
2774,USA,-97.846322,30.55965
2776,USA,-86.56874555,36.69553959
2778,USA,-78.907787,35.940909
2779,USA,-96.69832,32.941927
2780,USA,-104.702555,39.596838
2781,USA,-121.975621,47.861183
2783,USA,-117.702195,33.980851
2785,USA,-70.95122755,42.11562839
2786,USA,-98.535892,29.351465
2788,USA,-87.283911,30.532597
2789,USA,-98.427218,29.34818
2790,USA,-121.901125,37.380312
2792,USA,-116.393464,43.590018
2793,USA,-117.192769,47.66477
2795,USA,-75.28736006,38.5711232
2798,USA,-100.4814111,28.69897508
2800,USA,-79.376067,39.444905
2801,USA,-101.905836,35.210607
2803,USA,-80.063931,34.36442
2806,USA,-104.755858,38.84048
2808,USA,-111.720474,33.263681
2809,USA,-79.494413,37.32389
2810,USA,-78.407323,37.265331
2812,USA,-98.132835,29.682395
2813,USA,-81.231713,32.275552
2816,USA,-77.49340176,40.06309283
2819,USA,-75.86180716,40.30979307
2820,USA,-112.2676717,33.71240778
2821,USA,-95.087159,29.471224
2822,USA,-95.507388,30.071249
2823,USA,-84.16936294,36.34307779
2824,USA,-98.280663,29.595305
2825,USA,-96.63743,33.221036
2826,USA,-77.396696,39.44601
2828,USA,-78.371832,38.236673
2833,USA,-110.0194236,34.19758291
2834,USA,-109.5679737,40.43493755
2837,USA,-77.318144,35.588025
2838,USA,-84.45370956,34.23491192
2840,USA,-97.351475,30.11464103
2842,USA,-121.921697,37.350074
2844,USA,-115.28489,36.298779
2845,USA,-112.062646,41.140482
2847,USA,-90.51623226,36.06148074
2848,USA,-75.947939,39.60998
2849,USA,-94.38921422,36.83950475
2851,USA,-86.76135146,36.24668278
2852,USA,-82.785184,39.984815
2853,USA,-84.221551,39.380038
2854,USA,-97.49800369,35.67906555
2855,USA,-93.94560542,44.16094183
2856,USA,-117.197537,34.107717
2858,USA,-111.967062,41.265544
2862,USA,-78.209745,37.979102
2863,USA,-71.45545815,41.8634038
2865,USA,-121.17582,44.265458
2866,USA,-85.04093545,35.46658375
2867,USA,-82.240588,41.413967
2868,USA,-87.472905,46.549517
2869,USA,-78.717615,34.300935
2870,USA,-77.518133,38.358379
2872,CAN,-77.404119,44.19637
2878,USA,-96.728094,33.128113
2879,USA,-106.6589271,35.27643561
2884,USA,-85.44860144,31.266934
2885,USA,-86.21703873,32.50810234
2886,USA,-86.121449,30.697449
2888,CAN,-78.916815,43.925462
2889,CAN,-80.561001,43.437298
2893,USA,-77.07208608,41.76841455
2894,USA,-76.00833193,40.56294975
2895,USA,-122.163148,47.169411
2898,USA,-98.713311,29.488341
2903,USA,-97.70521523,35.38901484
2904,USA,-80.415756,25.682784
2905,USA,-79.049788,35.025654
2907,USA,-80.636793,35.062691
2908,USA,-84.05511272,34.03629206
2910,USA,-72.90409135,41.61151943
2918,USA,-77.367868,37.250674
2920,USA,-81.085331,35.119904
2921,USA,-72.69001013,40.92483787
2922,CAN,-76.569558,44.26254
2927,USA,-73.75008612,42.2799052
2928,USA,-106.265015,31.804809
2929,USA,-96.609995,33.013541
2930,USA,-83.22270726,41.11197792
2933,USA,-82.490014,27.224686
2934,CAN,-79.691915,44.355298
2935,MEX,-100.242919,25.694874
2936,MEX,-100.277599,25.770974
2938,USA,-71.99607499,41.58700564
2939,USA,-80.071377,37.290256
2940,USA,-123.146024,44.04878
2942,USA,-85.97786379,41.72578068
2943,USA,-94.44621965,39.04488559
2944,USA,-83.340566,40.237319
2945,USA,-85.70320988,38.00370677
2948,USA,-80.144574,32.93882
2951,CAN,-79.548972,43.707862
2952,CAN,-113.488014,53.441884
2953,CAN,-113.960987,50.930402
2954,USA,-122.4804109,45.6146131
2955,USA,-149.738842,61.230445
2956,USA,-119.251753,47.106374
2961,USA,-97.856902,30.013807
2962,USA,-102.3396788,31.89793852
2965,USA,-92.41353943,31.35899498
2967,USA,-81.22694,33.91034
2968,USA,-85.075524,33.541837
2969,USA,-83.91111681,33.84928637
2970,USA,-81.832407,30.104109
2974,USA,-81.932221,36.712431
2975,USA,-90.09629655,29.88099334
2978,USA,-84.17516741,40.56599723
2980,USA,-97.98178417,26.17495892
2981,USA,-80.728931,35.375679
2982,USA,-77.788989,34.302217
2984,USA,-82.505543,29.801511
2991,USA,-91.39909072,39.72094994
2993,USA,-82.45125683,36.30274741
2995,USA,-76.570655,39.383442
2996,USA,-79.939266,36.41492
3000,USA,-111.929769,33.376461
3002,USA,-98.26891584,30.60456122
3003,USA,-87.31843581,36.5127002
3006,USA,-86.95172611,34.46250933
3007,CAN,-113.986182,51.209564
3008,CAN,-75.911659,45.285796
3009,CAN,-75.512033,45.451838
3010,CAN,-82.968181,42.253574
3015,USA,-92.10314261,29.97033291
3022,USA,-77.546585,35.883171
3026,USA,-80.94160519,34.13962183
3027,USA,-95.562428,29.566186
3028,USA,-90.140374,38.737526
3032,USA,-96.25717243,30.56217934
3033,USA,-89.23772301,31.35367488
3034,USA,-119.71691,39.530394
3039,USA,-86.9702533,33.61371921
3040,USA,-80.858481,35.000057
3041,USA,-89.02878397,34.48988313
3045,USA,-117.409148,47.718317
3048,USA,-106.7526363,34.81582404
3050,USA,-82.664309,34.482921
3051,USA,-80.024692,40.568823
3056,CAN,-122.9531206,49.18821859
3059,CAN,-113.996976,51.070939
3062,CAN,-79.81573,43.414582
3066,CAN,-82.347525,42.986797
3071,USA,-82.787569,34.68946
3085,CAN,-80.944512,46.50115
3088,USA,-92.42097,39.443694
3089,CAN,-75.716015,45.337364
3092,CAN,-79.128115,43.071586
3095,USA,-122.405123,37.739635
3096,CAN,-79.544412,43.620928
3097,CAN,-79.532778,43.795142
3151,USA,-117.904564,34.105033
3158,CAN,-113.399805,53.615058
3164,USA,-122.02872,38.293504
3166,USA,-86.419449,30.391271
3167,USA,-104.262269,32.443371
3169,USA,-75.30060887,39.96766218
3201,CAN,-79.0687974,43.84615218
3202,USA,-103.1544338,32.74191363
3206,USA,-106.072848,39.625712
3208,CAN,-104.64762,50.403913
3211,CAN,-113.645213,53.542527
3216,USA,-75.669954,36.026228
3224,CAN,-80.320749,43.408657
3227,MEX,-100.4013157,25.73197954
3233,MEX,-100.972882,25.44915569
3235,MEX,-110.9742022,29.07029358
3236,MEX,-107.4151557,24.81392403
3240,USA,-120.4955858,46.56370771
3255,MEX,-106.11371,28.62534
3265,MEX,-100.256172,25.586756
3501,USA,-74.05484,40.15435
3608,USA,-79.13451211,35.45286801
